<configuration>
    <!-- Define pattern for log messages -->
    <property name="LOG_PATTERN" value="%d{yyyy-MM-dd HH:mm:ss} %-5level %logger{36} - %msg%n" />
    
    <!-- Console appender -->
    <appender name="CONSOLE" class="ch.qos.logback.core.ConsoleAppender">
        <encoder>
            <pattern>${LOG_PATTERN}</pattern>
        </encoder>
    </appender>
    
    <!-- File appender -->
    <appender name="FILE" class="ch.qos.logback.core.rolling.RollingFileAppender">
        <file>logs/restaurant-service.log</file>
        <rollingPolicy class="ch.qos.logback.core.rolling.TimeBasedRollingPolicy">
            <!-- Daily rollover and retain 30 days of history -->
            <fileNamePattern>logs/restaurant-service.%d{yyyy-MM-dd}.log</fileNamePattern>
            <maxHistory>30</maxHistory>
        </rollingPolicy>
        <encoder>
            <pattern>${LOG_PATTERN}</pattern>
        </encoder>
    </appender>
    
    <!-- Set logging level for different packages -->
    <logger name="com.example.restaurantservice" level="DEBUG" />
    
    <!-- Root logger configuration -->
    <root level="INFO">
        <appender-ref ref="CONSOLE" />
        <appender-ref ref="FILE" />
    </root>
</configuration>
